2020 SUPER BASEBALL,1572864
<<< A. I. >>>,2621440
A LEAGUE SOCCER,1572864
A.I.,1572864
ACE STRIKER,1572864
ACTRAISER 2 EUROPE,1572864
ADD-ON BASE CASSETE,1572864
AERO COMBATES,1310720
AERO FIGHTERS,1310720
AFTER SCHOOL,1572864
ALADDIN,1310720
ALL_STARS + WORLD,2621440
ANIMATED STORY,3145728
AOKIDENSETU SHOOT,1572864
ARCUS SPIRITS,1310720
ASTRAL BOUT 2,1572864
Ackman BessaB 2000,1310720
ActRaiser-2 JPN,1572864
ActRaiser-2 USA,1572864
Amiga IFF Slideshow!,1572864
BALL BULLET GUN,1572864
BAO Super VirginGirl_,3145728
BARKLEY'S POWER DUNK,1572864
BARKLEY,1572864
BASS HISSYOUHOU USA,1572864
BASS MASTERS CLASSIC,1572864
BATMAN FOREVER,3145728
BATTLE PINBALL,1310720
BATTLE TYCOON,3145728
BATTLE ZEQUE DEN,1572864
BATTLETECH 3050,1572864
BEAVIS & BUTTHEAD,1572864
BENKEI -SUNA-,1572864
BIG HURT BASEBALL,3145728
BIGICHIGEKI2UNIVERSAL,1572864
BOUNTY SWORD,3145728
BRAIN LORD FR,1572864
BRAIN LORD,1572864
BRANDISH,1572864
BRANDISH2 EXPERT,3145728
BRANDISH2,3145728
BRAWL BROTHERS,1572864
BREATH OF FIRE 2,2621440
BRENNEN,1572864
BUGS BUNNY,1572864
Bahamut Lagoon,3145728
Battle Soccer 2,1310720
BattleField TokyoDome,2621440
BoogerMan,3145728
Breath of Fire,1572864
Bushi Seiryuden,3145728
CANNON FODDER,1572864
CANNONDALE CUP,1572864
CAPCOM'S SOCCER SHOOT,1572864
CAPTAIN TUBASA 5,3145728
CHAOS SEED ﾌｳｽｲｶｲﾛｳｷ,2621440
CHESTER CHEETAH II,1310720
CIVILIZATION,1572864
CLAYFIGHTER TE,3145728
CLOCK TOWER SFX,3145728
COLLEGE SLAM,3145728
COMBATRIBES,1572864
CROSS DIMENSION 0079,1572864
CRYSTAL BEANS,1572864
ClayFighter 2,3145728
DAI BOUKENJIMA 2,1572864
DAIKAIJYUMONOGATARI2,5242880
DARK HALF,3145728
DARK KINGDOM,1572864
DBZ HYPER DIMENSION,3145728
DD5 THE SHADOW FALLS,3145728
DEAR BOYS,1572864
DEATH BRADE,1572864
DEEP BLUE FLEET Vol.1,1572864
DERBY STALLION 2,1572864
DERBY STALLION 3,3145728
DERBY STALLION 96,3145728
DERBY STALLION 98,3145728
DIGITAL DEVIL STORY,1572864
DONALD AS MAUI,3145728
DONALD DUCK,1572864
DORAEMON TOKIHOUGYOKU,1572864
DORAEMON4NOBITATOTUKI,1572864
DRAGON BALL Z HD,3145728
DRAGON KNIGHT 4,3145728
DRAGON SLAYER LEGEND2,1572864
DRAGONQUEST 1･2,1572864
DRAGONQUEST5,1572864
DREAM BASKETBALL D&H,1572864
DUAL ORB II,2621440
DUAL ORB,1572864
DUAL YXM II,2621440
Der Langrisser,3145728
DokuritsuSensou,1310720
E.V.O.,1572864
EARTH BOUND (J),3145728
EARTH BOUND,3145728
EARTH LIGHT II,3145728
EARTHWORM JIM 2 - A&S,3145728
EARTHWORM JIM 2 CHEAT,3145728
EARTHWORM JIM 2,3145728
EARTHWORM JIM,3145728
EIKETSUDEN,3145728
ELFARIA,1572864
ELNARD,1572864
EMIT Vol.1,3145728
EMIT Vol.2,3145728
EMIT Vol.3,3145728
EMPIRE STRIKES BACK,1572864
ENERGY BREAKER,3145728
ESPARKS,1572864
EUROPE SENSEN,1572864
EXCITE STAGE 94,1572864
EXCITE STAGE 95,1572864
F-1 GRAND PRIX PART 2,1572864
FAMITAN USIRONITATU,3145728
FARLANDSTORY2,3145728
FATAL FURY SPECIAL,3145728
FATAL FURY,1572864
FATAL FURY2,2621440
FF5 EasyType 1.0,2621440
FIFA Soccer '96,1572864
FIGHTERS HISTORY 2,3145728
FIGHTERS HISTORY,2621440
FIGHTING ELEVEN,3145728
FINAL FANTASY 3,3145728
FINAL FANTASY 4T,1310720
FINAL FANTASY 5 (FT),2621440
FINAL FANTASY 5,2621440
FINAL FANTASY 6,3145728
FINAL FANTASY II,1572864
FINAL FIGHT 2,1310720
FINAL FIGHT 3 +6,3145728
FINAL FIGHT 3,3145728
FINAL FIGHT TOUGH,3145728
FINAL STRETCH,1572864
FMW,1572864
FOREMAN FOR REAL,3145728
Feda,2621440
Final Fantasy 5e,2621440
G.O.D,3145728
GALAXY ROBO,1572864
GAMERA,1572864
GANBA LEAGUE 93,1572864
GARBA FINALE 2,1310720
GAROU DENSETU,1572864
GAROUDENSETU2,2621440
GET IN THE HOLE,1572864
GETUMEN NO ANUBIS,3145728
GHOST CHASER DENSEI,3145728
GO GO ACKMAN +6 NFL!,1310720
GO GO ACKMAN BR,1310720
GO GO ACKMAN,1310720
GOGO ACKMAN2,1572864
GOLDEN FIGHTER,1572864
GOUKETUJI ICHIZOKU,3145728
GP-1 PART2,1572864
GP-1 Rapid Stream,1572864
GUN HAZARD,3145728
GUNPLE,3145728
HARMELUNNOBAIOLINHIKI,1572864
HASHIRE HEBEREKE,1310720
HEBEREKE NO PUZZLE,1310720
HEIWA PACHINKO WORLD,1572864
HEIWA PACHINKO WORLD2,2621440
HEIWA PACHINKO WORLD3,3145728
HELLO!PAC-MAN,1572864
HIOUDEN,1572864
HIRYU NO KEN HYPER,1572864
HOKUTO NO KEN 6,1572864
HOKUTO NO KEN 7,2621440
HOLY UMBRELLA DONDERA,2621440
HOME IMPROVEMENT,1572864
HONG KONG GROUP,1572864
HU TENGAI MAKYO ZERO,5242880
Hu SUPER BOMBERMAN 3,1572864
I LOVE GOLDEN-3,3145728
I Love Golden-3 J3,1572864
IROKAZU KOUJYOU 1,1572864
IRON COMMANDO - NSF,1572864
IRON COMMANDO,1310720
ITADAKI STREET 2,1572864
Ider Abundance 950511,1572864
J-LEAGUE SUPER SOCCER,1572864
J96 DREAM STADIUM,2621440
JB ｻﾞ･ｽｰﾊﾟｰﾊﾞｽ,2621440
JELLY BOY 2,1572864
JINSEI SEISYUNHEN,1310720
JITSUSEN KYOUTEI,1572864
JM BASSTOURNAMENT USA,1572864
JOCKEY (GI MEMORY),3145728
JUMP TENGAIMAKYO ZERO,5242880
JUNGLE STRIKE (J),3145728
JUNGLE WARS 2,1572864
JUSTICE LEAGUE,2621440
JYUTEI SENKI,1572864
Jordan in CITWC,1310720
Jutei Senki AGTP1.0,1572864
K A T ' S R U N,2621440
KABUKI ROCKS,1572864
KAIJU MONOGATARI1 SFC,3145728
KAKINOKI SHOUGI,1572864
KAMAITACHI NO YORU,3145728
KARATEKA,3145728
KDD CG COLECTION 1,1310720
KEIRYU OU,1310720
KID KLEETS,1310720
KIKIKAIKAI3,1572864
KNIGHTS OF THE ROUND,1572864
KOREAN LEAGUE,1572864
KOUSHIEN3,1572864
KOUTETSU-NO KISHI 2,1572864
KOUTETSU-NO KISHI 3,1572864
KUNIO'S DODGEBALL E,1572864
KUNIOS DODGEBALL E,1572864
Kawasaki Challenge,1572864
King Arthur & [S],3145728
King Arthur And The K,2621440
King of Demons AGTP,1572864
Kirby Bowl,1310720
LADY STALKER,2621440
LAST BIBLE 3,3145728
LE ROI LION VF,3145728
LENNUS,1572864
LIBERTY OR DEATH,1310720
LION KING,3145728
LOGOS PANIC GOAISATSU,1310720
LOVE QUEST,1572864
LOZ: PARALLEL WORLDS,1572864
LUCKY LUKE +5 by NFL!,1572864
LUCKY LUKE,1572864
LUFIA D,3145728
LUFIA FOR DUTCH,3145728
LUFIA II,2621440
LUFIA S,3145728
LUPIN3 DENSETUNOHIHOU,1572864
Lufia II(Estpolis II),2621440
M A J I N T E N S E I,1572864
MAGICOM GRAPHICS ver2,1572864
MAGNA BRABAN,1572864
MAGNA BRABANMAIN,1572864
MAHOUJIN GURUGURU 2,3145728
MAJIN TENSEI 2,3145728
MAJYUUOU,1572864
MARIO_ALLSTARS+WORLD,2621440
MASOUKISHIN,3145728
MASTERS,1572864
MATEN DENSETU,3145728
MATSUMURAKUNIHIRODEN,3145728
MAUI MALLARD IN COLD,3145728
MAUI MALLARD,3145728
MECHWARRIOR 3050,1572864
MEGA MAN X BR,1572864
MEGAMAN SOCCER,1310720
MEGAMAN X,1572864
MEGAMAN X2,1572864
MEGAMANX ESP HGM,1572864
MELFAND STORIES,1572864
METAL MARINES,1572864
METAL MORPH,1572864
METALSLADER GLORY,3145728
MICKEY & DONALD 3 ENG,2621440
MIGHT AND MAGIC III,1572864
MILITIA,1572864
MIZUKISHIGERU YOUKAI,1572864
MOMOTETSU HAPPY,3145728
MORTAL KOMBAT II,3145728
MORYO SENKI MADARA 2,1572864
MOTHER-2,3145728
MOTTEKE OODOROBOU,1572864
MUSCLE BOMBER,3145728
Madden NFL 96,1572864
Madden NFL 97,1572864
Monstania AGTP v1.03,3145728
Monstania BR v1.02,3145728
Mr Tuff,1572864
Mr.Tuff,1572864
N GAIDEN TRILOGY PORT,1572864
NAGE LIBRE,1572864
NARUHODO_THE_WORLD,1572864
NATSUKI CRISIS BATTLE,2621440
NBA Hangtime,3145728
NBA JAM         INEU,3145728
NBA JAM TE,3145728
NBA JAM TOURNAMENT ED,3145728
NBA Jikkyo Basket.,3145728
NBA LIVE 95,1572864
NBA Live '95,1572864
NBA Live '96,1572864
NCAA 2001,1572864
NCAA Final Four,1572864
NEW ﾔｯﾀｰﾏﾝ,1572864
NFL QB CLUB,3145728
NFL QBC 96,3145728
NFL QBC 96___________,3145728
NFL QUARTERBACK CLUB,3145728
NGT CIGARETTE PATCH,1572864
NHL '96,1572864
NHL 97,1572864
NHLPA HOCKEY 1996,1572864
NICE DE SHOT,1572864
NICHIBUTSUCOLLECTION2,1572864
NICKELODEON GUTS,1572864
NINJA GAIDEN TRILOGY,1572864
NINJA RYUKENDEN TOMOE,1572864
NINJAWARRIORS AGAIN,1572864
NINJAWARRIORS,1572864
NINTAMA RANTAR-S.D.L_,1572864
NINTAMA RANTAROU,1572864
NISHIJIN PACHINKO 3,1310720
NO RESPECT! FOREMANFR,3145728
NOBUNAGA TENSHOUKI,3145728
NOFEAR RACING,3145728
NOMARK BAKUHAITOU,1572864
OBELIX [Y],1572864
OBELIX,1572864
ODYSSELYA,1572864
ODYSSELYA2,3145728
OPERATION EUROPE,1310720
OPERATION THUNDERBOLT,1310720
OSHABERI PARODIUS,3145728
OSSU!! KARATEBU,2621440
Ogre Battle USA,1572864
Olive et Tom 4,1572864
P.T.O.,1310720
PACHINKO HISHOHO,1572864
PACHINKO HISSYOHOU2,1572864
PACHINKO MONOGATARI 2,1572864
PACHISURO PALUSUPE,1310720
PACMAN 2:THE NEW ADV.,1572864
PACMAN2,1572864
PALADIN'S QUEST,1572864
PATLABOR,1572864
PICROSS NP VOL.6,1572864
PICROSS NP VOL.7,1572864
PICROSS NP VOL.8,1572864
POCKY&ROCKY2 +4,1572864
POCKY&ROCKY2,1572864
POPEYE IJIWARU MAJO,1572864
POWER INSTINCT,2621440
POWER LODE RUNNER,1572864
POWER RANGERS FIGHT,1572864
POWER RANGERS MOVIE,1572864
PRIMAL RAGE,3145728
PRIME GOAL 2,1572864
PTO2,3145728
PUTTY SQUAD(J),1572864
PUTTY SQUAD,1572864
Parlor!Mini4,1572864
Parlor!ﾊﾟ-ﾗ-!3,2621440
Parlor!ﾊﾟ-ﾗ-!5,1572864
Pinocchio (J),3145728
Pinocchio +3 by NFL!,3145728
Pinocchio,3145728
Populous II,1310720
Power of the Hired,1572864
Project Monstania,2621440
QUARTERBACK CLUB 96,3145728
R.O.C. puroyakyu,3145728
RANMA 1/2,1572864
RANMA1/2 AKANEKODAN,1572864
RANMA1/2 CHOUGIRANBU,2621440
RANMA1/2 PART2,1572864
RAYEARTH,1572864
REN&STIMPY TIMEWARP,1310720
REN&STIMPYTIMEWARPPAL,1310720
RISE OF THE PHOENIX,1572864
ROBOTREK 1 USA,1572864
ROCKMAN SOCCER,1310720
ROCKMAN X,1572864
ROCKMAN X2,1572864
ROCKMANX ESP HGM,1572864
ROCKOS MODERN LIFE,1572864
ROKUDENASI BLUES,1572864
ROMANCE 3 KINGDOMS 3,1572864
RPG SAILORMOON,3145728
RUIN ARM,3145728
RUSHING BEAT RAN,1572864
Ranma contra a Gang,1572864
Ranma1/2 Rpg espanol,1572864
S ADVENTURE ISLAND2,1572864
S F P QUEENS SPECIAL,3145728
S FIRE PROWRES 3 EASY,1572864
S&S,1572864
S.F.S.95 SerieA 4 UCC,1572864
S.F.S.95 della SerieA,1572864
S.F.S.96 W.C.Edition,1572864
S.Night SLAM MASTERS,3145728
SAIKYO TAKADANOBUHIKO,3145728
SAILOR MOON,1572864
SAISOKU BATTLE,3145728
SANGOKUSHI 3,1572864
SANGOKUSHI 4,3145728
SASUKE,1572864
SAUNDERS COMBAT!,1572864
SCHOOL TERROR STORY,3145728
SECRET OF EVERMORE,3145728
SECRET OF THE STARS,1572864
SEPARATION ANXIETY +5,3145728
SEPARATION ANXIETY,3145728
SFC BASTARD!!,1572864
SFC CHA CHA,1572864
SFC Gulliver Boy,1835008
SFC RUIN ARM,2621440
SFC SDGUNDAMGNEXT,1572864
SFC SLAM DUNK3SD,1572864
SFC SLAMDUNK2,3145728
SFC TV SLAM DUNK,1572864
SFC TVｱﾆﾒ ｽﾗﾑﾀﾞﾝｸ1,1572864
SFC YAMYAM (J),1572864
SFC YAMYAM,1572864
SFC ZｶﾞﾝﾀﾞﾑSLG1,3145728
SFC ｶﾒﾝﾗｲﾀﾞｰ,1572864
SFC ｶﾞﾘﾊﾞｰﾎﾞｰｲ,1572864
SFC ｸﾚﾖﾝｼﾝﾁｬﾝ,1572864
SFC ｽﾗﾑﾀﾞﾝｸ LIMITED,1572864
SFC ﾋﾞｼｮｳｼﾞｮｾﾝｼ ｾ_ﾗ_ﾑ,1572864
SFS'96 WORLD CLUB ED,1572864
SFX DRAGONBALLZ1,1572864
SFX VｰGUNDAM,1572864
SFX ﾖｺﾔﾏ ﾐﾂﾃﾙ ｻﾝｺﾞｸｼ2,1572864
SHIN MEGAMI TENSEI 2,2621440
SHIN SENGOKUDEN,1572864
SHONEN NINJA SASUKE,1572864
SHUSHOKU GAME,1572864
SHVC FIREEMBLEM,3145728
SIROI RINNGU HE,1572864
SLAP STICK 1 JPN,1572864
SMURFS 2 +4 by NFL!,1310720
SMURFS 2,1310720
SOCCER KID,1310720
SOCCER SHOOTOUT,1572864
SOLDIERS OF FORTUNE,1572864
SONIC BLASTMAN2,1572864
SONIC WINGS,1310720
SONYA (PAL) [RYGAR],1572864
SOUND NOVEL-TCOOL,3145728
SPAWN (Fr),3145728
SPAWN,3145728
SPIDER-MAN LETHALFOES,1572864
SPIROU +4 by NFL!,1310720
SPIROU,1310720
SPONI,1572864
SPRINTER STORY,1572864
ST.ANDREWS,1572864
STARDUST SUPLEX,2621440
STNG_JPN,2621440
SUGOI HEBEREKE,1310720
SUPER  GUSSUN  OYOYO,1572864
SUPER -YXM- V1.01,3145728
SUPER 3D BASEBALL,1572864
SUPER AIRDIVER2,1310720
SUPER B.C. KID,1572864
SUPER BASES LOADED 2,1572864
SUPER BASS FISHING,1572864
SUPER BOMBERMAN 3 PAL,1572864
SUPER BONK,1572864
SUPER CHINESE WORLD 3,1572864
SUPER EMPIRE STRIKES,1572864
SUPER F1 CIRCUS2,1572864
SUPER FIRE PROWRES 3,1572864
SUPER GENJIN 2,1572864
SUPER GENJIN,1572864
SUPER GENTYOUHISHI,1572864
SUPER GODZILLA,1572864
SUPER GP2 GRAND PRIX,1572864
SUPER GUSSUN OYOYO 2,1310720
SUPER HARISUTA 2,1572864
SUPER HARISUTA,1572864
SUPER ININDOU,1310720
SUPER KEIBA 2,1572864
SUPER KYOUTEI,1310720
SUPER LIFE GAME,1310720
SUPER MOERO PROYAHYU,1572864
SUPER MOERO PROYAKYU,1572864
SUPER PAG MAN,1572864
SUPER PINBALL2,1572864
SUPER POWER LEAG 3,2621440
SUPER ROBOT WARS4 IT,3145728
SUPER ROBOT WARS4,3145728
SUPER SHOGI2,1572864
SUPER SHOGI3,1572864
SUPER WRESTLE ANGELS,1572864
SUPER YAKYUDOU,1572864
SUPER ZUGAN 2,1572864
SUPER ｹｲﾘﾝ CON-S.D.L_,1572864
SUPER ｹｲﾘﾝ,1572864
SUPERCOM PARTNER___ A,3145728
SUPERF1CIRCUSｶﾞｲﾃﾞﾝ,1310720
SUPERFIREPROWRES3EASY,1572864
SUPERFISHING BIGFIGHT,1572864
SUTTE HAKKUN NP,3145728
SWORD WORLD SFC,1572864
SYUTOKO BATTLE 2,1572864
SYUTOKO BATTLE 94,1572864
Sailor Moon R FuSoYa,3145728
SailorMoonSuperS Vol2,3145728
Sakura Wars       ___,1310720
Same Game Tsume Game,2621440
Sansa 2,1572864
Shadowrun J-ver.,1310720
SoE 2-Player FuSoYa,3670016
SoM VWF by FuSoYa,3145728
Star Ocean,6291456
Street Fighter2 Turbo,2621440
Street Hockey '95,3145728
Super Metroid,3145728
Super Power League,1572864
Super V.G.,3145728
Super V.G.CONA-S.D.L_,3145728
Super V.G.[N],3145728
T Aikman NFL Football,1572864
TACTICAL SOCCER,1572864
TAIKOU RISSIDEN,1572864
TALES OF PHANTASIA,6291456
TECMO SUPER BASEBALL,1572864
TECMO SUPER BOWL,1572864
TEITOKU NO KETSUDAN 2,3145728
TEITOKU NO KETSUDAN,1310720
TENBU SPIRIT,1572864
TENCHI WO KURAU,1572864
THE 7TH SAGA,1572864
THE CHAOS ENGINE,1572864
THE GREAT CIRCUS +8,1572864
THE GREAT CIRCUS,1572864
THE GREATBATTLE 3,1310720
THE GREATBATTLE 4,1572864
THE GREATBATTLE 5,1572864
THE LION KING,3145728
THE MONOPOLY GAME 2,1572864
THE NINJAWARRIORS,1572864
TINTIN IN TIBET,1572864
TNN BASS FISHING,1572864
TOP GAMES 404219,3145728
TORNECONODAIBOUKEN,1572864
TREASURE HUNTER G,3145728
Tactics Ogre DE 2.5,3145728
Tactics Ogre,3145728
Tetsuwan Atom,1310720
Timon and Pumbaa,1572864
TokyoDome '95Battle 7,3145728
Toy Story Slide Show,1572864
ULTIMA KYORYUTEIKOKU,1572864
ULTIMA VII THE BLACK,1572864
ULTIMATE FIGHTER,1572864
ULTRA BASE BALL J3,1572864
ULTRA LEAGUE SOCCER,1572864
Ultra-Man No.7,1572864
VERNE WORLD,2621440
Violinist of Hameln,1572864
Violinista de Hameln,1572864
WAYNE GRETZKY AND THE,1572864
WCW.SUPERBRAWL,1572864
WIZARDRY 6 BCF,3145728
WONDERPROJECT J,3145728
WORLD HEROES 2,3145728
WORLD OF MANGA II,1572864
WRESTLEMANIA,3145728
WWF RAW,3145728
Wall of Fire,3145728
WeaponLord (J),3145728
WeaponLord,3145728
WeaponLord-SNK'95!,3145728
Winning Post 2,3145728
WinningPost2ﾌﾟﾛｸﾞﾗﾑ96,3145728
World Cup USA '94,1572864
World Cup USA 94,1572864
XAK 1,1572864
YAIBA,1572864
YAMATOTAKERU,3145728
YM SANGOKUSHI BANGI,1572864
YS-4 MASK OF THE SUN,1572864
YUUYUU FINAL,3145728
Y_X_M_V-1 ___________,3145728
Ys5 Expert,3145728
Ys5,3145728
Ys5EXPERT,3145728
ZAN3 SFC,1572864
ZENNIHON PURORESU2,3145728
ZIG ZAG CAT,1572864
ZOO TTO MAHJONG!,2621440
goemon 4 +5 by NFL!,3145728
goemon 4,3145728
kouryuuki,1572864
pawafuru puroyakyu2,2621440
pawafuru puroyakyu3,3145728
pawapuro basic 98,3145728
pawapuro3 97 haru,3145728
pawapuro96 kaimakuban,3145728
ｭｵｳtｧﾖﾀｻ､_｢ｺ,1572864
ｱﾗﾋﾞｱﾝﾅｲﾄ,2621440
ｱﾝｼﾞｪﾘｰｸ ｳﾞｫｲｽﾌｧﾝﾀｼﾞｰ,3145728
ｶWｯﾅｾ_ｾｹ､H､jｾﾔ･~ｶﾇ,1572864
ｶﾜﾉﾇｼﾂﾘ2,1572864
ｶﾞｲｱｾｲﾊﾞｰ,1572864
ｷｬﾌﾟﾃﾝ ﾂﾊﾞｻ 4,1572864
ｷﾃﾚﾂ ﾁｮｳｼﾞｸｳ ｽｺﾞﾛｸ,1310720
ｸt､_ｭｰﾅ]ｿ_  ｭﾗｧ_ｪｩ,3145728
ｸﾆｵｸﾝﾉ ﾄﾞｯｼﾞﾎﾞ-ﾙ,1572864
ｹﾞｷﾄｳ ﾊﾞｰﾆﾝｸﾞﾌﾟﾛﾚｽ,2621440
ｺqｻRｧﾞﾋmｬ･ｧJｴｵ ｭﾗｧ_ｪｩ,1572864
ｺﾞｷﾝｼﾞｮ ﾎﾞｳｹﾝﾀｲ 1,2621440
ｺﾞｼﾞﾗ ｶｲｼﾞｭｳﾀﾞｲｹｯｾﾝ,2621440
ｻｯｶｰｷｯﾄ･,1572864
ｻｯｶｰｷｯﾄﾞ,1310720
ｻﾈｪeﾃMｧL,1572864
ｻﾞ･ｸﾞﾚｲﾄﾊﾞﾄﾙ ｶﾞｲﾃﾞﾝ 2,1310720
ｼｮｳﾆﾝﾖ､ﾀｲｼｦｲﾀﾞｹ!!,1572864
ｼｷｴｲﾕｳﾃﾞﾝ,1572864
ｼﾝﾄｳｹﾞﾝｷｮｳ,1572864
ｽｰﾊﾟｰ ﾌｧﾐｽﾀ 5,2621440
ｽｰﾊﾟｰ ﾘｱﾙ ﾏｰｼﾞｬﾝ P5,1572864
ｽｰﾊﾟｰｼﾞﾝｾｲｹﾞｰﾑ2,1310720
ｽｰﾊﾟｰﾃｯｷｭｳﾌｧｲﾄ!,1310720
ｽｰﾊﾟｰﾅｿﾞﾌﾟﾖﾂｳ,1572864
ｽｰﾊﾟｰﾎﾝﾒｲ,1572864
ｽｰﾊﾟｰﾏｯﾄﾞﾁｬﾝﾌﾟ,1572864
ｽｰﾊﾟｰﾛﾎﾞｯﾄﾀｲｾﾝEX,1572864
ｽﾚｲﾔｰｽﾞ,1572864
ｾｰﾗｰﾑｰﾝSｼｭﾔｸｿｳﾀﾞﾂｾﾝ,2621440
ｾﾞﾛﾖﾝﾁｬﾝﾌﾟRRZ,3145728
ｿ_ﾅKﾃM､h ｢ｱ   ｭﾗｧ_ｪｩ,1572864
ｿﾘｯﾄﾞﾗﾝﾅｰ,3145728
ﾀｹﾕﾀｶ G1ﾒﾓﾘｰ,3145728
ﾀｹﾕﾀｶ G1ﾒﾓﾘｰ[N],3145728
ﾀﾞｰﾋﾞｰｼﾞｮｯｷｰ2,1572864
ﾀﾞｲ3ｼﾞｽｰﾊﾟｰﾛﾎﾞｯﾄﾀｲｾﾝ,1572864
ﾁｮｳﾏﾎｳﾀｲﾘｸWOZZ,3145728
ﾃﾝｼﾉｳﾀ,1572864
ﾃﾝﾁﾑﾖｳ,3145728
ﾃﾞｱｴﾄﾉｻﾏ ｱｯﾊﾟﾚｲﾁﾊﾞﾝ,1572864
ﾃﾞﾝｾﾂﾉｵｳｶﾞﾊﾞﾄﾙ,1572864
ﾄｯﾌﾟﾏﾈｼﾞﾒﾝﾄ2,1572864
ﾄﾚｼﾞｬｰﾊﾝﾀｰG,3145728
ﾄﾞｶﾎﾟﾝﾗﾝﾄﾞ 321,1572864
ﾅ]ｯｫﾂ_･ﾍ  ｭﾗｧ_ｪｩ,1572864
ﾈｯｹﾂ ﾍﾞ-ｽﾎﾞ-ﾙ ﾓﾉｶﾞﾀﾘ,1572864
ﾊｲﾊﾟｰｲﾘｱ,1572864
ﾊｵｳﾀｲｹｲ ﾘｭｰﾅｲﾄ LOP 1,1572864
ﾊﾛｰ!ﾊﾟｯｸﾏﾝ,1572864
ﾊﾞｳﾝﾃｨｿｰﾄﾞ1,3145728
ﾊﾞｽﾞｰ! ﾏﾎｳｾｶｲ,1572864
ﾊﾞﾄﾙﾄﾞｯｼﾞﾎﾞｰﾙ2,1572864
ﾊﾞﾄﾙﾛﾎﾞｯﾄ ﾚﾂﾃﾞﾝ,3145728
ﾊﾟﾁﾝｺﾃﾂｼﾞﾝ 7ﾊﾞﾝｼｮｳﾌﾞ,1572864
ﾋ-ﾛ- ｾﾝｷ,1572864
ﾋﾞｰｽﾄ ｱﾝﾄﾞﾌﾞﾚｲﾄﾞ,2621440
ﾋﾞｼｮｳｼﾞｮﾚｽﾗｰﾚﾂﾃﾞﾝ,2621440
ﾌｧｲﾅﾙ ﾌｧｲﾄ 2,1310720
ﾌｨﾚｰﾅ,1572864
ﾌﾛﾝﾄﾐｯｼｮﾝ     +1 NFL,3145728
ﾌﾛﾝﾄﾐｯｼｮﾝ,3145728
ﾍｲｱﾝﾌｳｳﾝﾃﾞﾝ,1572864
ﾍｲｾｲ ｼﾝｵﾆｶﾞｼﾏ  ｺｳﾍﾝ,3145728
ﾍｲｾｲ ｼﾝｵﾆｶﾞｼﾏ  ｾﾞﾝﾍﾟﾝ,3145728
ﾎﾝｹ SANKYO FEVER 2,1572864
ﾎﾝｹ SANKYO FEVER,1572864
ﾏ ｼﾞﾝ ﾃ ﾝ ｾ ｲ 2,3145728
ﾏｰｳﾞｪﾗｽ,3145728
ﾏｼﾞｮﾀﾁﾉﾈﾑﾘ,3145728
ﾏｼﾞｶﾙｱﾄﾞﾍﾞﾝﾁｬｰ2,1572864
ﾐｯｷｰﾉTDLﾀｲﾎｳｹﾝ,1572864
ﾐﾗﾝﾄﾞﾗ,3145728
ﾕﾒﾏﾎﾞﾛｼﾉｺﾞﾄｸ,1572864
ﾖｯｼｰﾉﾛｰﾄﾞﾊﾝﾃｨﾝｸﾞ,1310720
ﾗ･ﾜｰｽ,1572864
ﾘﾝｶｲﾎｳｸﾀﾞﾝﾉｲｺﾞﾄﾞｳｼﾞｮｳ,1572864
ﾘﾝｸﾞﾆｶｹﾛ,2621440
ﾛｰﾄﾞｽﾄｳｾﾝｷ,2621440
ﾜｷﾞｬﾝﾊﾟﾗﾀﾞｲｽ,1310720